step,actic loss,critic loss,average distance,time
10,-426.0012,105.0353,10.3975,0min11sec
20,-313.2260,73.5840,10.3424,0min11sec
30,-172.7366,54.5597,10.0638,0min11sec
40,-132.8444,41.6849,9.6212,0min11sec
50,-106.0388,33.8165,9.2336,0min11sec
60,-88.8579,28.4802,8.9548,0min11sec
70,-76.4790,24.6470,8.7488,0min11sec
80,-67.0273,21.7545,8.5959,0min11sec
90,-59.6806,19.4993,8.4765,0min11sec
100,-53.7408,17.6890,8.3836,0min11sec
110,-48.9481,16.2069,8.3072,0min11sec
120,-44.9278,14.9689,8.2445,0min11sec
130,-41.5487,13.9260,8.1887,0min11sec
140,-38.5944,13.0230,8.1425,0min10sec
150,-36.0402,12.2411,8.1013,0min11sec
160,-33.8072,11.5571,8.0638,0min11sec
170,-31.8276,10.9543,8.0313,0min10sec
180,-30.0693,10.4193,8.0013,0min10sec
190,-28.4909,9.9385,7.9743,0min11sec
200,-27.0760,9.5099,7.9474,0min10sec
210,-25.7791,9.1190,7.9239,0min11sec
220,-24.6098,8.7612,7.9019,0min11sec
230,-23.5601,8.4360,7.8826,0min11sec
240,-22.5778,8.1387,7.8654,0min11sec
250,-21.6767,7.8636,7.8499,0min11sec
260,-20.8421,7.6111,7.8355,0min10sec
270,-20.0644,7.3773,7.8219,0min11sec
280,-19.3592,7.1588,7.8120,0min11sec
290,-18.7035,6.9531,7.8033,0min11sec
300,-18.0839,6.7624,7.7946,0min11sec
310,-17.4902,6.5843,7.7847,0min11sec
320,-16.9521,6.4200,7.7753,0min10sec
330,-16.4431,6.2614,7.7669,0min11sec
340,-15.9635,6.1151,7.7582,0min11sec
350,-15.5125,5.9776,7.7508,0min11sec
360,-15.0771,5.8469,7.7436,0min11sec
370,-14.6796,5.7241,7.7358,0min11sec
380,-14.2836,5.6093,7.7288,0min10sec
390,-13.9079,5.5001,7.7225,0min11sec
400,-13.5593,5.3936,7.7157,0min11sec
410,-13.2334,5.2933,7.7090,0min11sec
420,-12.9154,5.1977,7.7034,0min10sec
430,-12.6158,5.1061,7.6971,0min11sec
440,-12.3430,5.0188,7.6917,0min11sec
450,-12.0708,4.9353,7.6869,0min11sec
460,-11.8093,4.8558,7.6825,0min10sec
470,-11.5633,4.7796,7.6797,0min11sec
480,-11.3267,4.7071,7.6762,0min10sec
490,-11.0933,4.6373,7.6723,0min10sec
500,-10.8732,4.5702,7.6692,0min11sec
510,-10.6538,4.5061,7.6656,0min11sec
520,-10.4497,4.4444,7.6613,0min11sec
530,-10.2501,4.3853,7.6579,0min11sec
540,-10.0660,4.3269,7.6541,0min11sec
550,-9.8808,4.2723,7.6512,0min11sec
560,-9.7041,4.2188,7.6477,0min11sec
570,-9.5360,4.1674,7.6449,0min11sec
580,-9.3713,4.1182,7.6418,0min10sec
590,-9.2118,4.0706,7.6384,0min10sec
600,-9.0518,4.0259,7.6351,0min11sec
610,-8.9042,3.9807,7.6320,0min11sec
620,-8.7658,3.9359,7.6290,0min11sec
630,-8.6235,3.8934,7.6266,0min11sec
640,-8.4894,3.8521,7.6239,0min11sec
650,-8.3624,3.8119,7.6219,0min10sec
660,-8.2333,3.7730,7.6196,0min10sec
670,-8.1105,3.7352,7.6174,0min11sec
680,-7.9924,3.6985,7.6153,0min11sec
690,-7.8788,3.6630,7.6131,0min11sec
700,-7.7658,3.6286,7.6133,0min10sec
710,-7.6570,3.5951,7.6152,0min10sec
720,-7.5531,3.5644,7.6136,0min11sec
730,-7.4495,3.5348,7.6118,0min11sec
740,-7.3563,3.5049,7.6100,0min11sec
750,-7.2612,3.4750,7.6082,0min11sec
760,-7.1661,3.4460,7.6065,0min10sec
770,-7.0746,3.4183,7.6050,0min10sec
780,-6.9834,3.3905,7.6030,0min11sec
790,-6.8953,3.3632,7.6008,0min10sec
800,-6.8106,3.3367,7.5991,0min11sec
810,-6.7249,3.3105,7.5973,0min12sec
820,-6.6422,3.2856,7.5962,0min11sec
830,-6.5597,3.2617,7.5944,0min11sec
840,-6.4822,3.2379,7.5937,0min11sec
850,-6.4069,3.2153,7.5930,0min11sec
860,-6.3362,3.1927,7.5912,0min11sec
870,-6.2624,3.1709,7.5899,0min11sec
880,-6.1927,3.1487,7.5882,0min10sec
890,-6.1256,3.1275,7.5865,0min11sec
900,-6.0578,3.1059,7.5847,0min11sec
910,-5.9935,3.0855,7.5833,0min11sec
920,-5.9291,3.0650,7.5819,0min10sec
930,-5.8663,3.0447,7.5821,0min11sec
940,-5.8040,3.0254,7.5819,0min11sec
950,-5.7412,3.0068,7.5805,0min10sec
960,-5.6807,2.9888,7.5790,0min11sec
970,-5.6239,2.9703,7.5781,0min11sec
980,-5.5671,2.9525,7.5772,0min11sec
990,-5.5110,2.9359,7.5764,0min10sec
1000,-5.4579,2.9190,7.5756,0min10sec
1010,-5.4044,2.9022,7.5748,0min11sec
1020,-5.3517,2.8853,7.5736,0min11sec
1030,-5.2970,2.8679,7.5724,0min11sec
1040,-5.2464,2.8499,7.5713,0min11sec
1050,-5.1984,2.8330,7.5702,0min11sec
1060,-5.1501,2.8171,7.5690,0min11sec
1070,-5.1007,2.7996,7.5686,0min11sec
1080,-5.0553,2.7821,7.5676,0min11sec
1090,-5.0102,2.7657,7.5663,0min11sec
1100,-4.9655,2.7487,7.5652,0min10sec
1110,-4.9211,2.7322,7.5642,0min11sec
1120,-4.8780,2.7157,7.5630,0min11sec
1130,-4.8338,2.7005,7.5620,0min11sec
1140,-4.7928,2.6845,7.5611,0min11sec
1150,-4.7509,2.6686,7.5601,0min11sec
1160,-4.7109,2.6529,7.5596,0min11sec
1170,-4.6681,2.6377,7.5588,0min11sec
1180,-4.6256,2.6251,7.5579,0min11sec
1190,-4.5905,2.6109,7.5574,0min11sec
1200,-4.5516,2.5967,7.5564,0min11sec
1210,-4.5180,2.5835,7.5564,0min10sec
1220,-4.4811,2.5700,7.5565,0min11sec
1230,-4.4423,2.5567,7.5555,0min11sec
1240,-4.4056,2.5430,7.5544,0min11sec
1250,-4.3719,2.5299,7.5530,0min11sec
1260,-4.3367,2.5172,7.5518,0min11sec
1270,-4.2994,2.5047,7.5507,0min11sec
1280,-4.2683,2.4917,7.5502,0min11sec
1290,-4.2338,2.4790,7.5496,0min11sec
1300,-4.2023,2.4666,7.5489,0min11sec
1310,-4.1698,2.4546,7.5481,0min11sec
1320,-4.1367,2.4428,7.5475,0min10sec
1330,-4.1063,2.4312,7.5473,0min11sec
1340,-4.0749,2.4198,7.5476,0min11sec
1350,-4.0452,2.4082,7.5478,0min11sec
1360,-4.0152,2.3970,7.5471,0min11sec
1370,-3.9855,2.3860,7.5463,0min11sec
1380,-3.9571,2.3749,7.5453,0min11sec
1390,-3.9290,2.3638,7.5445,0min11sec
1400,-3.9012,2.3527,7.5439,0min11sec
1410,-3.8738,2.3416,7.5429,0min11sec
1420,-3.8459,2.3307,7.5419,0min11sec
1430,-3.8176,2.3201,7.5408,0min11sec
1440,-3.7904,2.3098,7.5399,0min11sec
1450,-3.7661,2.2996,7.5390,0min11sec
1460,-3.7405,2.2896,7.5380,0min11sec
1470,-3.7164,2.2796,7.5366,0min11sec
1480,-3.6908,2.2709,7.5354,0min11sec
1490,-3.6651,2.2621,7.5342,0min11sec
1500,-3.6396,2.2533,7.5329,0min11sec
1510,-3.6142,2.2442,7.5315,0min10sec
1520,-3.5904,2.2345,7.5299,0min10sec
1530,-3.5669,2.2252,7.5282,0min11sec
1540,-3.5443,2.2160,7.5262,0min11sec
1550,-3.5217,2.2069,7.5243,0min10sec
1560,-3.4981,2.1980,7.5222,0min11sec
1570,-3.4757,2.1894,7.5197,0min10sec
1580,-3.4511,2.1822,7.5177,0min11sec
1590,-3.4283,2.1741,7.5144,0min10sec
1600,-3.4103,2.1664,7.5111,0min10sec
1610,-3.3867,2.1590,7.5067,0min11sec
1620,-3.3642,2.1514,7.5026,0min11sec
1630,-3.3450,2.1436,7.4977,0min11sec
1640,-3.3262,2.1361,7.4922,0min11sec
1650,-3.3050,2.1286,7.4871,0min11sec
1660,-3.2923,2.1216,7.4809,0min11sec
1670,-3.2731,2.1143,7.4745,0min11sec
1680,-3.2599,2.1071,7.4676,0min11sec
1690,-3.2396,2.0993,7.4598,0min11sec
1700,-3.2185,2.0916,7.4518,0min11sec
1710,-3.2006,2.0833,7.4424,0min11sec
1720,-3.1910,2.0748,7.4319,0min11sec
1730,-3.1761,2.0655,7.4200,0min10sec
1740,-3.1605,2.0556,7.4066,0min11sec
1750,-3.1432,2.0454,7.3923,0min10sec
1760,-3.1265,2.0352,7.3775,0min11sec
1770,-3.1112,2.0252,7.3627,0min11sec
1780,-3.0942,2.0153,7.3480,0min11sec
1790,-3.0787,2.0054,7.3326,0min11sec
1800,-3.0633,1.9955,7.3172,0min10sec
1810,-3.0480,1.9857,7.3018,0min11sec
1820,-3.0320,1.9761,7.2864,0min11sec
1830,-3.0170,1.9665,7.2711,0min11sec
1840,-3.0011,1.9571,7.2559,0min11sec
1850,-2.9859,1.9475,7.2404,0min11sec
1860,-2.9725,1.9382,7.2252,0min11sec
1870,-2.9572,1.9290,7.2100,0min11sec
1880,-2.9421,1.9198,7.1948,0min11sec
1890,-2.9273,1.9107,7.1799,0min10sec
1900,-2.9144,1.9017,7.1652,0min10sec
1910,-2.9000,1.8933,7.1505,0min10sec
1920,-2.8852,1.8847,7.1361,0min11sec
1930,-2.8710,1.8761,7.1216,0min11sec
1940,-2.8575,1.8675,7.1071,0min11sec
1950,-2.8441,1.8589,7.0927,0min11sec
1960,-2.8302,1.8504,7.0785,0min11sec
1970,-2.8167,1.8419,7.0644,0min10sec
1980,-2.8031,1.8334,7.0503,0min11sec
1990,-2.7899,1.8250,7.0362,0min11sec
2000,-2.7767,1.8167,7.0221,0min10sec
2010,-2.7637,1.8084,7.0084,0min11sec
2020,-2.7513,1.8004,6.9949,0min11sec
2030,-2.7380,1.7924,6.9815,0min11sec
2040,-2.7255,1.7844,6.9681,0min11sec
2050,-2.7130,1.7765,6.9550,0min11sec
2060,-2.7002,1.7687,6.9419,0min10sec
2070,-2.6875,1.7611,6.9290,0min11sec
2080,-2.6754,1.7534,6.9160,0min11sec
2090,-2.6630,1.7458,6.9030,0min11sec
2100,-2.6510,1.7382,6.8902,0min11sec
2110,-2.6389,1.7307,6.8776,0min11sec
2120,-2.6272,1.7232,6.8650,0min11sec
2130,-2.6155,1.7159,6.8526,0min11sec
2140,-2.6039,1.7085,6.8403,0min11sec
2150,-2.5923,1.7013,6.8282,0min11sec
2160,-2.5810,1.6941,6.8160,0min11sec
2170,-2.5695,1.6870,6.8040,0min10sec
2180,-2.5584,1.6799,6.7920,0min11sec
2190,-2.5469,1.6730,6.7802,0min11sec
2200,-2.5361,1.6661,6.7686,0min11sec
2210,-2.5250,1.6592,6.7570,0min11sec
2220,-2.5142,1.6524,6.7456,0min10sec
2230,-2.5033,1.6456,6.7341,0min10sec
2240,-2.4927,1.6390,6.7229,0min10sec
2250,-2.4823,1.6324,6.7118,0min11sec
2260,-2.4716,1.6258,6.7007,0min10sec
2270,-2.4605,1.6193,6.6897,0min11sec
2280,-2.4507,1.6128,6.6787,0min11sec
2290,-2.4403,1.6064,6.6678,0min11sec
2300,-2.4301,1.6001,6.6570,0min10sec
2310,-2.4204,1.5938,6.6462,0min11sec
2320,-2.4102,1.5876,6.6356,0min10sec
2330,-2.4003,1.5813,6.6251,0min11sec
2340,-2.3906,1.5752,6.6147,0min10sec
2350,-2.3808,1.5691,6.6043,0min11sec
2360,-2.3711,1.5630,6.5941,0min11sec
2370,-2.3617,1.5570,6.5838,0min11sec
2380,-2.3523,1.5511,6.5737,0min11sec
2390,-2.3429,1.5452,6.5637,0min11sec
2400,-2.3334,1.5394,6.5538,0min10sec
2410,-2.3243,1.5335,6.5439,0min11sec
2420,-2.3149,1.5278,6.5341,0min11sec
2430,-2.3055,1.5221,6.5244,0min11sec
2440,-2.2966,1.5165,6.5148,0min11sec
2450,-2.2876,1.5108,6.5052,0min11sec
2460,-2.2786,1.5053,6.4956,0min11sec
2470,-2.2697,1.4997,6.4862,0min11sec
2480,-2.2610,1.4942,6.4769,0min11sec
2490,-2.2524,1.4888,6.4677,0min11sec
2500,-2.2436,1.4834,6.4584,0min10sec
2510,-2.2353,1.4781,6.4494,0min10sec
2520,-2.2263,1.4728,6.4403,0min10sec
2530,-2.2181,1.4675,6.4313,0min11sec
2540,-2.2096,1.4623,6.4224,0min11sec
2550,-2.2011,1.4572,6.4136,0min11sec
2560,-2.1930,1.4521,6.4048,0min11sec
2570,-2.1846,1.4470,6.3961,0min11sec
2580,-2.1761,1.4419,6.3874,0min11sec
2590,-2.1680,1.4369,6.3787,0min11sec
2600,-2.1603,1.4320,6.3702,0min11sec
2610,-2.1522,1.4270,6.3618,0min11sec
2620,-2.1445,1.4221,6.3533,0min11sec
2630,-2.1365,1.4172,6.3450,0min11sec
2640,-2.1288,1.4124,6.3367,0min11sec
2650,-2.1211,1.4075,6.3284,0min10sec
2660,-2.1134,1.4027,6.3203,0min11sec
2670,-2.1058,1.3980,6.3122,0min10sec
2680,-2.0984,1.3933,6.3041,0min11sec
2690,-2.0909,1.3886,6.2961,0min11sec
2700,-2.0833,1.3839,6.2881,0min11sec
2710,-2.0760,1.3793,6.2802,0min11sec
2720,-2.0686,1.3747,6.2723,0min11sec
2730,-2.0613,1.3701,6.2645,0min10sec
2740,-2.0538,1.3656,6.2567,0min11sec
2750,-2.0465,1.3611,6.2490,0min11sec
2760,-2.0396,1.3567,6.2414,0min11sec
2770,-2.0326,1.3522,6.2338,0min11sec
2780,-2.0255,1.3479,6.2262,0min10sec
2790,-2.0187,1.3435,6.2187,0min11sec
2800,-2.0117,1.3392,6.2113,0min11sec
2810,-2.0047,1.3349,6.2040,0min11sec
2820,-1.9979,1.3306,6.1967,0min11sec
2830,-1.9912,1.3264,6.1895,0min11sec
2840,-1.9846,1.3222,6.1823,0min11sec
2850,-1.9777,1.3180,6.1751,0min11sec
2860,-1.9711,1.3139,6.1681,0min11sec
2870,-1.9646,1.3097,6.1611,0min11sec
2880,-1.9581,1.3057,6.1542,0min10sec
2890,-1.9517,1.3016,6.1472,0min10sec
2900,-1.9452,1.2975,6.1403,0min11sec
2910,-1.9388,1.2935,6.1334,0min10sec
2920,-1.9328,1.2896,6.1266,0min11sec
2930,-1.9265,1.2856,6.1198,0min11sec
2940,-1.9204,1.2816,6.1131,0min11sec
2950,-1.9141,1.2777,6.1064,0min12sec
2960,-1.9081,1.2739,6.0997,0min12sec
2970,-1.9020,1.2700,6.0931,0min12sec
2980,-1.8958,1.2662,6.0865,0min13sec
2990,-1.8897,1.2624,6.0799,0min12sec
3000,-1.8837,1.2586,6.0734,0min12sec
3010,-1.8778,1.2548,6.0669,0min12sec
3020,-1.8717,1.2510,6.0605,0min12sec
3030,-1.8658,1.2473,6.0542,0min12sec
3040,-1.8599,1.2436,6.0478,0min12sec
3050,-1.8540,1.2399,6.0415,0min12sec
3060,-1.8483,1.2363,6.0353,0min12sec
3070,-1.8425,1.2327,6.0292,0min12sec
3080,-1.8368,1.2291,6.0230,0min12sec
3090,-1.8309,1.2255,6.0169,0min12sec
3100,-1.8253,1.2220,6.0109,0min12sec
3110,-1.8197,1.2185,6.0048,0min12sec
3120,-1.8142,1.2150,5.9988,0min12sec
3130,-1.8087,1.2115,5.9929,0min12sec
3140,-1.8033,1.2080,5.9869,0min12sec
3150,-1.7979,1.2046,5.9810,0min12sec
3160,-1.7923,1.2011,5.9750,0min12sec
3170,-1.7869,1.1977,5.9692,0min12sec
3180,-1.7816,1.1944,5.9634,0min12sec
3190,-1.7763,1.1910,5.9576,0min12sec
3200,-1.7710,1.1876,5.9518,0min12sec
3210,-1.7657,1.1843,5.9461,0min12sec
3220,-1.7605,1.1810,5.9405,0min12sec
3230,-1.7553,1.1777,5.9349,0min12sec
3240,-1.7501,1.1744,5.9293,0min12sec
3250,-1.7451,1.1712,5.9239,0min12sec
3260,-1.7400,1.1680,5.9183,0min12sec
3270,-1.7351,1.1648,5.9128,0min12sec
3280,-1.7300,1.1616,5.9074,0min12sec
3290,-1.7250,1.1585,5.9019,0min12sec
3300,-1.7201,1.1554,5.8965,0min12sec
3310,-1.7151,1.1522,5.8911,0min12sec
3320,-1.7102,1.1491,5.8857,0min12sec
3330,-1.7054,1.1460,5.8804,0min12sec
3340,-1.7005,1.1429,5.8752,0min12sec
3350,-1.6957,1.1398,5.8700,0min12sec
3360,-1.6910,1.1368,5.8647,0min12sec
3370,-1.6860,1.1338,5.8595,0min12sec
3380,-1.6812,1.1308,5.8544,0min12sec
3390,-1.6764,1.1278,5.8493,0min12sec
3400,-1.6718,1.1248,5.8443,0min12sec
3410,-1.6671,1.1219,5.8392,0min12sec
3420,-1.6624,1.1189,5.8341,0min12sec
3430,-1.6578,1.1160,5.8291,0min12sec
3440,-1.6533,1.1131,5.8242,0min12sec
3450,-1.6486,1.1102,5.8192,0min13sec
3460,-1.6441,1.1073,5.8143,0min12sec
3470,-1.6396,1.1044,5.8094,0min12sec
3480,-1.6352,1.1016,5.8045,0min12sec
3490,-1.6306,1.0988,5.7997,0min12sec
3500,-1.6262,1.0960,5.7949,0min11sec
3510,-1.6217,1.0932,5.7901,0min11sec
3520,-1.6176,1.0904,5.7854,0min11sec
3530,-1.6131,1.0877,5.7807,0min11sec
3540,-1.6088,1.0850,5.7760,0min11sec
3550,-1.6046,1.0823,5.7713,0min11sec
3560,-1.6003,1.0795,5.7666,0min11sec
3570,-1.5960,1.0768,5.7620,0min11sec
3580,-1.5917,1.0741,5.7574,0min11sec
3590,-1.5874,1.0715,5.7528,0min11sec
3600,-1.5831,1.0689,5.7483,0min11sec
3610,-1.5791,1.0662,5.7438,0min11sec
3620,-1.5750,1.0636,5.7393,0min11sec
3630,-1.5708,1.0610,5.7349,0min11sec
3640,-1.5668,1.0584,5.7305,0min11sec
3650,-1.5627,1.0558,5.7260,0min11sec
3660,-1.5587,1.0533,5.7216,0min11sec
3670,-1.5546,1.0507,5.7171,0min11sec
3680,-1.5506,1.0482,5.7128,0min11sec
3690,-1.5466,1.0456,5.7084,0min11sec
3700,-1.5427,1.0431,5.7041,0min11sec
3710,-1.5387,1.0406,5.6998,0min11sec
3720,-1.5348,1.0381,5.6956,0min12sec
3730,-1.5309,1.0357,5.6916,0min12sec
3740,-1.5270,1.0332,5.6875,0min12sec
3750,-1.5232,1.0308,5.6833,0min12sec
3760,-1.5194,1.0283,5.6791,0min11sec
3770,-1.5155,1.0259,5.6750,0min11sec
3780,-1.5116,1.0235,5.6708,0min11sec
3790,-1.5079,1.0211,5.6667,0min11sec
3800,-1.5041,1.0187,5.6626,0min11sec
3810,-1.5003,1.0163,5.6586,0min11sec
3820,-1.4966,1.0140,5.6546,0min11sec
3830,-1.4929,1.0116,5.6505,0min11sec
3840,-1.4892,1.0093,5.6465,0min11sec
3850,-1.4855,1.0069,5.6425,0min11sec
3860,-1.4819,1.0046,5.6386,0min11sec
3870,-1.4782,1.0023,5.6345,0min11sec
3880,-1.4745,1.0000,5.6306,0min11sec
3890,-1.4709,0.9977,5.6267,0min11sec
3900,-1.4673,0.9954,5.6228,0min11sec
3910,-1.4637,0.9931,5.6189,0min11sec
3920,-1.4602,0.9909,5.6151,0min11sec
3930,-1.4565,0.9887,5.6113,0min12sec
3940,-1.4531,0.9864,5.6075,0min12sec
3950,-1.4495,0.9842,5.6037,0min11sec
3960,-1.4459,0.9820,5.5999,0min11sec
3970,-1.4425,0.9798,5.5962,0min11sec
3980,-1.4391,0.9776,5.5924,0min11sec
3990,-1.4357,0.9754,5.5887,0min11sec
4000,-1.4322,0.9733,5.5850,0min11sec
4010,-1.4288,0.9711,5.5813,0min11sec
4020,-1.4255,0.9690,5.5777,0min11sec
4030,-1.4222,0.9669,5.5740,0min11sec
4040,-1.4188,0.9647,5.5703,0min11sec
4050,-1.4155,0.9626,5.5667,0min11sec
4060,-1.4122,0.9605,5.5631,0min11sec
4070,-1.4089,0.9584,5.5595,0min11sec
4080,-1.4057,0.9563,5.5560,0min11sec
4090,-1.4023,0.9542,5.5525,0min11sec
4100,-1.3990,0.9521,5.5489,0min11sec
4110,-1.3958,0.9500,5.5453,0min11sec
4120,-1.3926,0.9480,5.5418,0min12sec
4130,-1.3895,0.9460,5.5383,0min12sec
4140,-1.3863,0.9440,5.5348,0min12sec
4150,-1.3831,0.9420,5.5315,0min11sec
4160,-1.3799,0.9400,5.5281,0min11sec
4170,-1.3769,0.9380,5.5247,0min11sec
4180,-1.3737,0.9360,5.5213,0min11sec
4190,-1.3706,0.9340,5.5179,0min12sec
4200,-1.3675,0.9320,5.5146,0min12sec
4210,-1.3645,0.9301,5.5112,0min12sec
4220,-1.3614,0.9281,5.5078,0min12sec
4230,-1.3582,0.9262,5.5045,0min12sec
4240,-1.3553,0.9243,5.5012,0min12sec
4250,-1.3522,0.9223,5.4979,0min12sec
4260,-1.3492,0.9204,5.4946,0min12sec
4270,-1.3462,0.9185,5.4913,0min12sec
4280,-1.3433,0.9166,5.4881,0min12sec
4290,-1.3403,0.9147,5.4848,0min12sec
4300,-1.3374,0.9128,5.4816,0min12sec
4310,-1.3345,0.9109,5.4784,0min13sec
4320,-1.3314,0.9091,5.4752,0min12sec
4330,-1.3287,0.9073,5.4721,0min12sec
4340,-1.3257,0.9054,5.4690,0min12sec
4350,-1.3229,0.9036,5.4659,0min12sec
4360,-1.3200,0.9017,5.4627,0min12sec
4370,-1.3171,0.8999,5.4595,0min12sec
4380,-1.3142,0.8980,5.4564,0min12sec
4390,-1.3113,0.8962,5.4532,0min12sec
4400,-1.3085,0.8944,5.4502,0min12sec
4410,-1.3056,0.8926,5.4471,0min12sec
4420,-1.3028,0.8908,5.4440,0min12sec
4430,-1.3001,0.8890,5.4410,0min12sec
4440,-1.2973,0.8872,5.4380,0min12sec
4450,-1.2945,0.8854,5.4349,0min12sec
4460,-1.2916,0.8837,5.4319,0min12sec
4470,-1.2888,0.8819,5.4289,0min12sec
4480,-1.2861,0.8802,5.4259,0min12sec
4490,-1.2833,0.8785,5.4230,0min12sec
4500,-1.2805,0.8768,5.4201,0min13sec
4510,-1.2779,0.8751,5.4172,0min12sec
4520,-1.2753,0.8734,5.4142,0min12sec
4530,-1.2726,0.8716,5.4113,0min12sec
4540,-1.2699,0.8699,5.4084,0min12sec
4550,-1.2672,0.8682,5.4055,0min12sec
4560,-1.2646,0.8665,5.4026,0min12sec
4570,-1.2619,0.8648,5.3997,0min12sec
4580,-1.2593,0.8631,5.3968,0min12sec
4590,-1.2566,0.8614,5.3940,0min12sec
4600,-1.2540,0.8598,5.3911,0min12sec
4610,-1.2514,0.8581,5.3883,0min12sec
4620,-1.2488,0.8564,5.3854,0min12sec
4630,-1.2463,0.8548,5.3827,0min13sec
4640,-1.2436,0.8531,5.3799,0min12sec
4650,-1.2410,0.8515,5.3771,0min12sec
4660,-1.2385,0.8499,5.3743,0min12sec
4670,-1.2360,0.8482,5.3716,0min12sec
4680,-1.2335,0.8466,5.3688,0min12sec
4690,-1.2310,0.8450,5.3661,0min12sec
4700,-1.2284,0.8434,5.3634,0min12sec
4710,-1.2258,0.8418,5.3607,0min13sec
4720,-1.2234,0.8402,5.3580,0min12sec
4730,-1.2209,0.8386,5.3553,0min12sec
4740,-1.2185,0.8370,5.3526,0min12sec
4750,-1.2160,0.8354,5.3499,0min12sec
4760,-1.2135,0.8338,5.3472,0min12sec
4770,-1.2111,0.8323,5.3446,0min12sec
4780,-1.2087,0.8307,5.3419,0min11sec
4790,-1.2062,0.8292,5.3393,0min12sec
4800,-1.2038,0.8276,5.3367,0min11sec
4810,-1.2014,0.8261,5.3340,0min11sec
4820,-1.1991,0.8245,5.3315,0min12sec
4830,-1.1968,0.8231,5.3289,0min11sec
4840,-1.1943,0.8216,5.3264,0min11sec
4850,-1.1920,0.8201,5.3239,0min11sec
4860,-1.1898,0.8187,5.3214,0min11sec
4870,-1.1874,0.8172,5.3189,0min11sec
4880,-1.1851,0.8158,5.3164,0min11sec
4890,-1.1828,0.8143,5.3139,0min11sec
4900,-1.1805,0.8128,5.3114,0min11sec
4910,-1.1782,0.8114,5.3090,0min11sec
4920,-1.1760,0.8099,5.3065,0min11sec
4930,-1.1737,0.8084,5.3040,0min12sec
4940,-1.1714,0.8070,5.3015,0min11sec
4950,-1.1691,0.8055,5.2990,0min11sec
4960,-1.1669,0.8041,5.2966,0min12sec
4970,-1.1647,0.8026,5.2942,0min12sec
4980,-1.1624,0.8012,5.2918,0min12sec
4990,-1.1602,0.7997,5.2893,0min12sec
5000,-1.1580,0.7983,5.2869,0min12sec
5010,-1.1558,0.7969,5.2845,0min12sec
5020,-1.1536,0.7955,5.2821,0min12sec
5030,-1.1515,0.7941,5.2798,0min12sec
5040,-1.1494,0.7927,5.2774,0min12sec
5050,-1.1472,0.7913,5.2750,0min12sec
5060,-1.1451,0.7899,5.2727,0min12sec
5070,-1.1429,0.7885,5.2703,0min12sec
5080,-1.1408,0.7871,5.2680,0min12sec
5090,-1.1387,0.7857,5.2657,0min12sec
5100,-1.1366,0.7843,5.2634,0min12sec
5110,-1.1346,0.7830,5.2610,0min12sec
5120,-1.1325,0.7816,5.2587,0min12sec
5130,-1.1304,0.7802,5.2564,0min12sec
5140,-1.1283,0.7789,5.2541,0min12sec
5150,-1.1263,0.7775,5.2519,0min12sec
5160,-1.1242,0.7762,5.2496,0min12sec
5170,-1.1221,0.7749,5.2474,0min12sec
5180,-1.1201,0.7735,5.2451,0min12sec
5190,-1.1180,0.7722,5.2429,0min12sec
5200,-1.1160,0.7709,5.2407,0min11sec
5210,-1.1139,0.7695,5.2384,0min11sec
5220,-1.1119,0.7682,5.2362,0min11sec
5230,-1.1099,0.7669,5.2340,0min11sec
5240,-1.1079,0.7656,5.2318,0min11sec
5250,-1.1058,0.7643,5.2296,0min12sec
5260,-1.1038,0.7630,5.2275,0min12sec
5270,-1.1018,0.7617,5.2253,0min12sec
5280,-1.0999,0.7604,5.2232,0min12sec
5290,-1.0979,0.7591,5.2210,0min12sec
5300,-1.0959,0.7578,5.2188,0min12sec
5310,-1.0939,0.7565,5.2167,0min12sec
5320,-1.0920,0.7552,5.2145,0min12sec
5330,-1.0900,0.7540,5.2124,0min12sec
5340,-1.0882,0.7527,5.2103,0min12sec
5350,-1.0864,0.7515,5.2082,0min12sec
5360,-1.0844,0.7503,5.2061,0min12sec
5370,-1.0825,0.7490,5.2040,0min12sec
5380,-1.0806,0.7477,5.2018,0min12sec
5390,-1.0786,0.7465,5.1997,0min12sec
5400,-1.0768,0.7452,5.1977,0min12sec
5410,-1.0749,0.7440,5.1956,0min12sec
5420,-1.0730,0.7428,5.1935,0min12sec
5430,-1.0711,0.7415,5.1914,0min12sec
5440,-1.0693,0.7403,5.1894,0min12sec
5450,-1.0674,0.7391,5.1873,0min12sec
5460,-1.0655,0.7379,5.1853,0min12sec
5470,-1.0637,0.7367,5.1833,0min13sec
5480,-1.0619,0.7355,5.1813,0min11sec
5490,-1.0601,0.7343,5.1793,0min11sec
5500,-1.0583,0.7331,5.1773,0min12sec
5510,-1.0565,0.7319,5.1753,0min12sec
5520,-1.0546,0.7307,5.1732,0min12sec
5530,-1.0528,0.7295,5.1712,0min11sec
5540,-1.0510,0.7283,5.1692,0min11sec
5550,-1.0491,0.7271,5.1672,0min11sec
5560,-1.0473,0.7259,5.1652,0min11sec
5570,-1.0456,0.7248,5.1633,0min11sec
5580,-1.0438,0.7236,5.1613,0min11sec
5590,-1.0420,0.7224,5.1594,0min11sec
5600,-1.0402,0.7213,5.1575,0min11sec
5610,-1.0384,0.7201,5.1555,0min12sec
5620,-1.0367,0.7190,5.1537,0min11sec
5630,-1.0349,0.7178,5.1517,0min12sec
5640,-1.0331,0.7167,5.1498,0min11sec
5650,-1.0314,0.7155,5.1479,0min11sec
5660,-1.0296,0.7144,5.1460,0min11sec
5670,-1.0279,0.7132,5.1440,0min11sec
5680,-1.0261,0.7121,5.1421,0min11sec
5690,-1.0245,0.7110,5.1403,0min11sec
5700,-1.0228,0.7099,5.1384,0min11sec
5710,-1.0210,0.7087,5.1365,0min11sec
5720,-1.0192,0.7076,5.1346,0min11sec
5730,-1.0174,0.7065,5.1327,0min11sec
5740,-1.0158,0.7055,5.1309,0min11sec
5750,-1.0141,0.7044,5.1290,0min11sec
5760,-1.0124,0.7033,5.1271,0min11sec
5770,-1.0107,0.7022,5.1253,0min11sec
5780,-1.0091,0.7011,5.1234,0min12sec
5790,-1.0074,0.7000,5.1216,0min11sec
5800,-1.0058,0.6989,5.1197,0min12sec
5810,-1.0041,0.6978,5.1179,0min11sec
5820,-1.0025,0.6967,5.1161,0min11sec
5830,-1.0009,0.6956,5.1143,0min11sec
5840,-0.9992,0.6945,5.1125,0min11sec
5850,-0.9976,0.6934,5.1107,0min11sec
5860,-0.9960,0.6924,5.1089,0min11sec
5870,-0.9944,0.6913,5.1072,0min11sec
5880,-0.9928,0.6902,5.1054,0min12sec
5890,-0.9912,0.6892,5.1036,0min12sec
5900,-0.9896,0.6881,5.1018,0min12sec
5910,-0.9880,0.6871,5.1001,0min12sec
5920,-0.9864,0.6861,5.0983,0min12sec
5930,-0.9848,0.6850,5.0966,0min12sec
5940,-0.9834,0.6840,5.0948,0min12sec
5950,-0.9817,0.6830,5.0931,0min12sec
5960,-0.9802,0.6819,5.0914,0min11sec
5970,-0.9786,0.6809,5.0897,0min11sec
5980,-0.9770,0.6799,5.0880,0min11sec
5990,-0.9755,0.6789,5.0863,0min11sec
6000,-0.9740,0.6778,5.0845,0min12sec
6010,-0.9724,0.6768,5.0828,0min12sec
6020,-0.9709,0.6758,5.0811,0min12sec
6030,-0.9693,0.6748,5.0795,0min12sec
6040,-0.9678,0.6738,5.0778,0min12sec
6050,-0.9662,0.6728,5.0761,0min12sec
6060,-0.9647,0.6718,5.0745,0min12sec
6070,-0.9632,0.6708,5.0728,0min12sec
6080,-0.9617,0.6698,5.0711,0min12sec
6090,-0.9602,0.6688,5.0695,0min12sec
6100,-0.9587,0.6679,5.0678,0min12sec
6110,-0.9572,0.6669,5.0662,0min12sec
6120,-0.9557,0.6659,5.0646,0min12sec
6130,-0.9542,0.6649,5.0629,0min12sec
6140,-0.9527,0.6640,5.0613,0min11sec
6150,-0.9512,0.6630,5.0596,0min11sec
6160,-0.9498,0.6620,5.0580,0min11sec
6170,-0.9483,0.6610,5.0564,0min11sec
6180,-0.9468,0.6601,5.0547,0min12sec
6190,-0.9453,0.6591,5.0531,0min12sec
6200,-0.9439,0.6581,5.0515,0min12sec
6210,-0.9425,0.6572,5.0499,0min12sec
6220,-0.9410,0.6562,5.0483,0min11sec
6230,-0.9396,0.6553,5.0467,0min11sec
6240,-0.9382,0.6543,5.0451,0min11sec
6250,-0.9368,0.6534,5.0436,0min11sec
6260,-0.9354,0.6524,5.0420,0min11sec
6270,-0.9339,0.6515,5.0404,0min11sec
6280,-0.9325,0.6506,5.0389,0min11sec
6290,-0.9311,0.6496,5.0373,0min11sec
6300,-0.9297,0.6487,5.0358,0min11sec
6310,-0.9283,0.6478,5.0342,0min11sec
6320,-0.9269,0.6469,5.0326,0min11sec
6330,-0.9255,0.6459,5.0311,0min11sec
6340,-0.9241,0.6450,5.0295,0min11sec
6350,-0.9227,0.6441,5.0280,0min12sec
6360,-0.9213,0.6432,5.0265,0min12sec
6370,-0.9200,0.6423,5.0250,0min12sec
6380,-0.9186,0.6414,5.0234,0min12sec
6390,-0.9173,0.6404,5.0219,0min12sec
6400,-0.9159,0.6395,5.0204,0min12sec
6410,-0.9145,0.6386,5.0189,0min12sec
6420,-0.9132,0.6378,5.0174,0min12sec
6430,-0.9118,0.6369,5.0160,0min11sec
6440,-0.9105,0.6360,5.0145,0min11sec
6450,-0.9091,0.6351,5.0130,0min12sec
6460,-0.9078,0.6342,5.0115,0min12sec
6470,-0.9064,0.6333,5.0100,0min12sec
6480,-0.9051,0.6324,5.0086,0min12sec
6490,-0.9038,0.6316,5.0071,0min12sec
6500,-0.9025,0.6307,5.0057,0min11sec
6510,-0.9012,0.6298,5.0042,0min11sec
6520,-0.8999,0.6290,5.0028,0min11sec
6530,-0.8986,0.6281,5.0014,0min11sec
6540,-0.8973,0.6272,5.0000,0min11sec
6550,-0.8959,0.6264,4.9985,0min11sec
6560,-0.8946,0.6255,4.9971,0min11sec
6570,-0.8934,0.6246,4.9956,0min11sec
6580,-0.8921,0.6238,4.9942,0min12sec
6590,-0.8908,0.6229,4.9928,0min12sec
6600,-0.8895,0.6221,4.9913,0min12sec
6610,-0.8882,0.6212,4.9899,0min12sec
6620,-0.8870,0.6204,4.9885,0min12sec
6630,-0.8857,0.6195,4.9871,0min11sec
6640,-0.8844,0.6187,4.9857,0min11sec
6650,-0.8831,0.6178,4.9843,0min11sec
6660,-0.8819,0.6170,4.9829,0min11sec
6670,-0.8806,0.6162,4.9815,0min11sec
6680,-0.8794,0.6153,4.9801,0min11sec
6690,-0.8781,0.6145,4.9787,0min12sec
6700,-0.8769,0.6136,4.9773,0min12sec
6710,-0.8757,0.6128,4.9759,0min12sec
6720,-0.8744,0.6120,4.9746,0min12sec
6730,-0.8731,0.6112,4.9732,0min12sec
6740,-0.8719,0.6104,4.9718,0min12sec
6750,-0.8707,0.6096,4.9704,0min12sec
6760,-0.8694,0.6087,4.9691,0min12sec
6770,-0.8682,0.6079,4.9677,0min12sec
6780,-0.8670,0.6071,4.9664,0min12sec
6790,-0.8658,0.6063,4.9650,0min12sec
6800,-0.8646,0.6055,4.9637,0min12sec
6810,-0.8634,0.6047,4.9623,0min12sec
6820,-0.8622,0.6039,4.9610,0min12sec
6830,-0.8610,0.6031,4.9597,0min12sec
6840,-0.8598,0.6023,4.9584,0min12sec
6850,-0.8587,0.6015,4.9571,0min12sec
6860,-0.8575,0.6007,4.9557,0min12sec
6870,-0.8564,0.5999,4.9544,0min11sec
6880,-0.8552,0.5991,4.9531,0min11sec
6890,-0.8540,0.5984,4.9519,0min11sec
6900,-0.8528,0.5976,4.9505,0min11sec
6910,-0.8517,0.5968,4.9492,0min11sec
6920,-0.8505,0.5960,4.9479,0min11sec
6930,-0.8493,0.5952,4.9466,0min11sec
6940,-0.8483,0.5945,4.9453,0min11sec
6950,-0.8470,0.5937,4.9441,0min11sec
6960,-0.8459,0.5930,4.9428,0min11sec
6970,-0.8448,0.5922,4.9415,0min11sec
6980,-0.8436,0.5915,4.9403,0min11sec
6990,-0.8425,0.5907,4.9390,0min11sec
7000,-0.8414,0.5900,4.9377,0min12sec
7010,-0.8402,0.5892,4.9365,0min12sec
7020,-0.8391,0.5885,4.9352,0min12sec
7030,-0.8380,0.5877,4.9340,0min12sec
7040,-0.8369,0.5870,4.9327,0min12sec
7050,-0.8358,0.5862,4.9315,0min12sec
7060,-0.8346,0.5855,4.9303,0min12sec
7070,-0.8335,0.5847,4.9290,0min11sec
7080,-0.8324,0.5840,4.9278,0min11sec
7090,-0.8313,0.5832,4.9266,0min11sec
7100,-0.8302,0.5825,4.9253,0min11sec
7110,-0.8291,0.5817,4.9241,0min11sec
7120,-0.8280,0.5810,4.9229,0min11sec
7130,-0.8269,0.5803,4.9217,0min11sec
7140,-0.8258,0.5795,4.9204,0min11sec
7150,-0.8247,0.5788,4.9192,0min11sec
7160,-0.8236,0.5780,4.9179,0min11sec
7170,-0.8225,0.5773,4.9167,0min11sec
7180,-0.8214,0.5766,4.9155,0min11sec
7190,-0.8203,0.5759,4.9143,0min11sec
7200,-0.8193,0.5751,4.9131,0min11sec
7210,-0.8182,0.5744,4.9119,0min12sec
7220,-0.8171,0.5737,4.9107,0min11sec
7230,-0.8160,0.5730,4.9095,0min11sec
7240,-0.8150,0.5723,4.9083,0min11sec
7250,-0.8139,0.5715,4.9071,0min12sec
7260,-0.8128,0.5708,4.9060,0min11sec
7270,-0.8118,0.5701,4.9048,0min12sec
7280,-0.8107,0.5694,4.9036,0min11sec
7290,-0.8097,0.5687,4.9024,0min11sec
7300,-0.8087,0.5680,4.9013,0min11sec
7310,-0.8076,0.5673,4.9001,0min11sec
7320,-0.8065,0.5666,4.8989,0min11sec
7330,-0.8055,0.5659,4.8978,0min11sec
7340,-0.8045,0.5652,4.8966,0min11sec
7350,-0.8034,0.5645,4.8955,0min11sec
7360,-0.8024,0.5638,4.8943,0min11sec
7370,-0.8014,0.5631,4.8932,0min11sec
7380,-0.8004,0.5624,4.8920,0min11sec
7390,-0.7993,0.5617,4.8908,0min11sec
7400,-0.7983,0.5611,4.8897,0min11sec
7410,-0.7973,0.5604,4.8885,0min11sec
7420,-0.7962,0.5597,4.8874,0min11sec
7430,-0.7952,0.5590,4.8862,0min11sec
7440,-0.7942,0.5583,4.8851,0min11sec
7450,-0.7932,0.5576,4.8840,0min11sec
7460,-0.7922,0.5570,4.8828,0min11sec
7470,-0.7912,0.5563,4.8817,0min11sec
7480,-0.7902,0.5556,4.8806,0min11sec
7490,-0.7892,0.5549,4.8794,0min11sec
7500,-0.7882,0.5543,4.8783,0min11sec
7510,-0.7872,0.5536,4.8772,0min11sec
7520,-0.7863,0.5529,4.8761,0min11sec
7530,-0.7853,0.5523,4.8750,0min11sec
7540,-0.7844,0.5516,4.8739,0min11sec
7550,-0.7834,0.5510,4.8728,0min11sec
7560,-0.7824,0.5503,4.8717,0min11sec
7570,-0.7814,0.5497,4.8706,0min11sec
7580,-0.7804,0.5490,4.8695,0min11sec
7590,-0.7795,0.5484,4.8685,0min11sec
7600,-0.7785,0.5477,4.8674,0min11sec
7610,-0.7775,0.5471,4.8663,0min11sec
7620,-0.7766,0.5464,4.8652,0min11sec
7630,-0.7756,0.5458,4.8642,0min11sec
7640,-0.7747,0.5451,4.8631,0min11sec
7650,-0.7737,0.5445,4.8620,0min11sec
7660,-0.7728,0.5438,4.8609,0min11sec
7670,-0.7718,0.5432,4.8599,0min11sec
7680,-0.7709,0.5426,4.8588,0min11sec
7690,-0.7699,0.5419,4.8578,0min11sec
7700,-0.7690,0.5413,4.8567,0min11sec
7710,-0.7680,0.5407,4.8556,0min11sec
7720,-0.7671,0.5400,4.8546,0min11sec
7730,-0.7662,0.5394,4.8535,0min11sec
7740,-0.7652,0.5388,4.8525,0min11sec
7750,-0.7643,0.5381,4.8515,0min11sec
7760,-0.7634,0.5375,4.8504,0min11sec
7770,-0.7624,0.5369,4.8494,0min11sec
7780,-0.7615,0.5363,4.8484,0min11sec
7790,-0.7606,0.5357,4.8473,0min11sec
7800,-0.7597,0.5350,4.8463,0min11sec
7810,-0.7588,0.5344,4.8453,0min11sec
7820,-0.7579,0.5338,4.8442,0min11sec
7830,-0.7569,0.5332,4.8432,0min11sec
7840,-0.7560,0.5326,4.8422,0min11sec
7850,-0.7551,0.5320,4.8412,0min11sec
7860,-0.7542,0.5314,4.8402,0min11sec
7870,-0.7533,0.5308,4.8392,0min11sec
7880,-0.7524,0.5302,4.8381,0min11sec
7890,-0.7515,0.5296,4.8371,0min11sec
7900,-0.7506,0.5290,4.8361,0min11sec
7910,-0.7497,0.5283,4.8351,0min11sec
7920,-0.7488,0.5277,4.8341,0min11sec
7930,-0.7479,0.5271,4.8331,0min11sec
7940,-0.7471,0.5265,4.8321,0min11sec
7950,-0.7461,0.5260,4.8311,0min11sec
7960,-0.7453,0.5254,4.8301,0min11sec
7970,-0.7444,0.5248,4.8291,0min11sec
7980,-0.7435,0.5242,4.8281,0min11sec
7990,-0.7427,0.5236,4.8272,0min11sec
8000,-0.7418,0.5230,4.8261,0min11sec
8010,-0.7409,0.5224,4.8252,0min11sec
8020,-0.7400,0.5218,4.8242,0min11sec
8030,-0.7392,0.5212,4.8232,0min11sec
8040,-0.7383,0.5206,4.8223,0min11sec
8050,-0.7374,0.5201,4.8213,0min11sec
8060,-0.7365,0.5195,4.8203,0min11sec
8070,-0.7357,0.5189,4.8193,0min11sec
8080,-0.7348,0.5183,4.8184,0min11sec
8090,-0.7340,0.5177,4.8174,0min11sec
8100,-0.7331,0.5172,4.8164,0min11sec
8110,-0.7323,0.5166,4.8155,0min11sec
8120,-0.7314,0.5160,4.8145,0min11sec
8130,-0.7306,0.5154,4.8136,0min11sec
8140,-0.7298,0.5149,4.8126,0min11sec
8150,-0.7289,0.5143,4.8117,0min11sec
8160,-0.7281,0.5137,4.8107,0min11sec
8170,-0.7272,0.5132,4.8098,0min11sec
8180,-0.7264,0.5126,4.8088,0min11sec
8190,-0.7256,0.5120,4.8079,0min11sec
8200,-0.7248,0.5115,4.8069,0min11sec
8210,-0.7240,0.5109,4.8060,0min11sec
8220,-0.7231,0.5104,4.8051,0min11sec
8230,-0.7223,0.5098,4.8041,0min11sec
8240,-0.7215,0.5093,4.8032,0min11sec
8250,-0.7206,0.5087,4.8023,0min11sec
8260,-0.7198,0.5081,4.8014,0min11sec
8270,-0.7190,0.5076,4.8005,0min11sec
8280,-0.7182,0.5070,4.7995,0min11sec
8290,-0.7174,0.5065,4.7986,0min11sec
8300,-0.7165,0.5060,4.7977,0min11sec
8310,-0.7157,0.5054,4.7968,0min11sec
8320,-0.7149,0.5049,4.7959,0min11sec
8330,-0.7141,0.5043,4.7950,0min11sec
8340,-0.7133,0.5038,4.7941,0min11sec
8350,-0.7125,0.5032,4.7932,0min11sec
8360,-0.7117,0.5027,4.7923,0min11sec
8370,-0.7109,0.5021,4.7914,0min11sec
8380,-0.7101,0.5016,4.7905,0min11sec
8390,-0.7093,0.5011,4.7896,0min11sec
8400,-0.7085,0.5005,4.7888,0min11sec
8410,-0.7078,0.5000,4.7879,0min11sec
8420,-0.7070,0.4995,4.7870,0min11sec
8430,-0.7062,0.4989,4.7861,0min11sec
8440,-0.7054,0.4984,4.7852,0min11sec
8450,-0.7046,0.4979,4.7843,0min11sec
8460,-0.7038,0.4973,4.7834,0min11sec
8470,-0.7030,0.4968,4.7825,0min11sec
8480,-0.7022,0.4963,4.7817,0min11sec
8490,-0.7014,0.4958,4.7808,0min11sec
8500,-0.7007,0.4952,4.7799,0min11sec
8510,-0.6999,0.4947,4.7790,0min11sec
8520,-0.6991,0.4942,4.7781,0min11sec
8530,-0.6983,0.4937,4.7773,0min11sec
8540,-0.6975,0.4931,4.7764,0min11sec
8550,-0.6968,0.4926,4.7756,0min11sec
8560,-0.6960,0.4921,4.7747,0min11sec
8570,-0.6953,0.4916,4.7738,0min11sec
8580,-0.6945,0.4911,4.7730,0min11sec
8590,-0.6937,0.4905,4.7721,0min11sec
8600,-0.6930,0.4900,4.7713,0min11sec
8610,-0.6922,0.4895,4.7704,0min11sec
8620,-0.6915,0.4890,4.7696,0min11sec
8630,-0.6907,0.4885,4.7687,0min11sec
8640,-0.6900,0.4880,4.7679,0min11sec
8650,-0.6892,0.4875,4.7670,0min12sec
8660,-0.6885,0.4870,4.7662,0min11sec
8670,-0.6877,0.4865,4.7654,0min11sec
8680,-0.6870,0.4860,4.7646,0min11sec
8690,-0.6862,0.4855,4.7637,0min11sec
8700,-0.6855,0.4850,4.7629,0min11sec
8710,-0.6847,0.4845,4.7621,0min11sec
8720,-0.6840,0.4840,4.7613,0min11sec
8730,-0.6833,0.4835,4.7605,0min11sec
8740,-0.6826,0.4830,4.7597,0min11sec
8750,-0.6818,0.4825,4.7588,0min11sec
8760,-0.6811,0.4820,4.7580,0min11sec
8770,-0.6804,0.4815,4.7572,0min12sec
8780,-0.6796,0.4810,4.7564,0min12sec
8790,-0.6789,0.4805,4.7556,0min12sec
8800,-0.6782,0.4801,4.7548,0min11sec
8810,-0.6774,0.4796,4.7540,0min11sec
8820,-0.6767,0.4791,4.7531,0min11sec
8830,-0.6760,0.4786,4.7523,0min11sec
8840,-0.6753,0.4781,4.7515,0min11sec
8850,-0.6746,0.4776,4.7507,0min11sec
8860,-0.6739,0.4772,4.7499,0min11sec
8870,-0.6732,0.4767,4.7492,0min11sec
8880,-0.6724,0.4762,4.7483,0min11sec
8890,-0.6717,0.4757,4.7475,0min11sec
8900,-0.6710,0.4752,4.7467,0min11sec
8910,-0.6703,0.4748,4.7459,0min11sec
8920,-0.6696,0.4743,4.7451,0min11sec
8930,-0.6689,0.4738,4.7443,0min11sec
8940,-0.6682,0.4733,4.7435,0min11sec
8950,-0.6675,0.4729,4.7427,0min11sec
8960,-0.6668,0.4724,4.7419,0min11sec
8970,-0.6661,0.4719,4.7411,0min11sec
8980,-0.6654,0.4714,4.7403,0min11sec
8990,-0.6647,0.4710,4.7395,0min11sec
9000,-0.6640,0.4705,4.7388,0min11sec
9010,-0.6633,0.4700,4.7380,0min11sec
9020,-0.6626,0.4695,4.7372,0min11sec
9030,-0.6619,0.4691,4.7364,0min11sec
9040,-0.6613,0.4686,4.7356,0min11sec
9050,-0.6606,0.4681,4.7348,0min11sec
9060,-0.6599,0.4677,4.7341,0min11sec
9070,-0.6592,0.4672,4.7333,0min11sec
9080,-0.6585,0.4668,4.7326,0min11sec
9090,-0.6578,0.4663,4.7318,0min11sec
9100,-0.6572,0.4658,4.7310,0min11sec
9110,-0.6565,0.4654,4.7303,0min11sec
9120,-0.6558,0.4649,4.7295,0min11sec
9130,-0.6551,0.4645,4.7287,0min11sec
9140,-0.6545,0.4640,4.7280,0min11sec
9150,-0.6538,0.4636,4.7272,0min11sec
9160,-0.6531,0.4631,4.7264,0min11sec
9170,-0.6525,0.4627,4.7257,0min11sec
9180,-0.6518,0.4622,4.7249,0min11sec
9190,-0.6511,0.4618,4.7242,0min11sec
9200,-0.6505,0.4613,4.7234,0min11sec
9210,-0.6498,0.4608,4.7227,0min11sec
9220,-0.6491,0.4604,4.7219,0min11sec
9230,-0.6485,0.4599,4.7211,0min11sec
9240,-0.6478,0.4595,4.7204,0min11sec
9250,-0.6471,0.4591,4.7196,0min11sec
9260,-0.6465,0.4586,4.7189,0min11sec
9270,-0.6458,0.4582,4.7181,0min11sec
9280,-0.6452,0.4577,4.7174,0min11sec
9290,-0.6445,0.4573,4.7167,0min11sec
9300,-0.6439,0.4568,4.7159,0min11sec
9310,-0.6432,0.4564,4.7152,0min11sec
9320,-0.6426,0.4560,4.7145,0min11sec
9330,-0.6419,0.4555,4.7138,0min11sec
9340,-0.6412,0.4551,4.7131,0min11sec
9350,-0.6406,0.4547,4.7123,0min11sec
9360,-0.6400,0.4542,4.7116,0min11sec
9370,-0.6393,0.4538,4.7109,0min11sec
9380,-0.6387,0.4534,4.7102,0min11sec
9390,-0.6381,0.4529,4.7094,0min12sec
9400,-0.6374,0.4525,4.7087,0min11sec
9410,-0.6368,0.4521,4.7080,0min12sec
9420,-0.6361,0.4516,4.7072,0min12sec
9430,-0.6355,0.4512,4.7065,0min11sec
9440,-0.6349,0.4508,4.7058,0min11sec
9450,-0.6342,0.4503,4.7051,0min12sec
9460,-0.6336,0.4499,4.7043,0min11sec
9470,-0.6330,0.4495,4.7036,0min12sec
9480,-0.6324,0.4490,4.7029,0min12sec
9490,-0.6317,0.4486,4.7022,0min12sec
9500,-0.6311,0.4482,4.7015,0min12sec
9510,-0.6305,0.4478,4.7008,0min12sec
9520,-0.6299,0.4474,4.7001,0min11sec
9530,-0.6293,0.4469,4.6994,0min11sec
9540,-0.6286,0.4465,4.6987,0min12sec
9550,-0.6280,0.4461,4.6980,0min12sec
9560,-0.6274,0.4457,4.6973,0min11sec
9570,-0.6268,0.4453,4.6966,0min12sec
9580,-0.6262,0.4449,4.6959,0min12sec
9590,-0.6256,0.4444,4.6952,0min11sec
9600,-0.6249,0.4440,4.6945,0min11sec
9610,-0.6243,0.4436,4.6938,0min11sec
9620,-0.6237,0.4432,4.6931,0min11sec
9630,-0.6231,0.4428,4.6924,0min12sec
9640,-0.6225,0.4424,4.6917,0min12sec
9650,-0.6219,0.4420,4.6911,0min11sec
9660,-0.6213,0.4415,4.6904,0min11sec
9670,-0.6207,0.4411,4.6897,0min12sec
9680,-0.6201,0.4407,4.6890,0min11sec
9690,-0.6195,0.4403,4.6883,0min12sec
9700,-0.6189,0.4399,4.6877,0min11sec
9710,-0.6183,0.4395,4.6870,0min12sec
9720,-0.6177,0.4391,4.6864,0min11sec
9730,-0.6171,0.4387,4.6857,0min12sec
9740,-0.6165,0.4383,4.6850,0min11sec
9750,-0.6159,0.4379,4.6844,0min11sec
9760,-0.6153,0.4375,4.6837,0min11sec
9770,-0.6147,0.4371,4.6830,0min11sec
9780,-0.6141,0.4367,4.6824,0min11sec
9790,-0.6136,0.4363,4.6817,0min11sec
9800,-0.6129,0.4359,4.6811,0min11sec
9810,-0.6124,0.4355,4.6804,0min11sec
9820,-0.6118,0.4351,4.6798,0min11sec
9830,-0.6112,0.4347,4.6791,0min11sec
9840,-0.6106,0.4344,4.6784,0min11sec
9850,-0.6100,0.4340,4.6777,0min11sec
9860,-0.6095,0.4336,4.6771,0min11sec
9870,-0.6089,0.4332,4.6764,0min12sec
9880,-0.6083,0.4328,4.6758,0min11sec
9890,-0.6077,0.4324,4.6751,0min11sec
9900,-0.6072,0.4320,4.6745,0min12sec
9910,-0.6066,0.4316,4.6738,0min11sec
9920,-0.6060,0.4312,4.6732,0min12sec
9930,-0.6054,0.4308,4.6725,0min12sec
9940,-0.6049,0.4304,4.6718,0min12sec
9950,-0.6043,0.4300,4.6712,0min11sec
9960,-0.6037,0.4297,4.6705,0min11sec
9970,-0.6032,0.4293,4.6699,0min11sec
9980,-0.6026,0.4289,4.6692,0min11sec
9990,-0.6020,0.4285,4.6686,0min12sec
10000,-0.6015,0.4281,4.6680,0min12sec
10010,-0.6009,0.4277,4.6673,0min12sec
10020,-0.6003,0.4274,4.6667,0min11sec
10030,-0.5998,0.4270,4.6661,0min11sec
10040,-0.5992,0.4266,4.6654,0min12sec
10050,-0.5987,0.4262,4.6648,0min12sec
10060,-0.5981,0.4258,4.6641,0min11sec
10070,-0.5976,0.4255,4.6635,0min12sec
10080,-0.5970,0.4251,4.6629,0min11sec
10090,-0.5964,0.4247,4.6622,0min11sec
10100,-0.5959,0.4243,4.6616,0min11sec
10110,-0.5953,0.4240,4.6610,0min11sec
10120,-0.5948,0.4236,4.6604,0min11sec
10130,-0.5942,0.4232,4.6597,0min12sec
10140,-0.5937,0.4228,4.6591,0min11sec
10150,-0.5931,0.4225,4.6585,0min11sec
10160,-0.5926,0.4221,4.6579,0min11sec
10170,-0.5921,0.4217,4.6573,0min11sec
10180,-0.5915,0.4214,4.6566,0min12sec
10190,-0.5910,0.4210,4.6560,0min11sec
10200,-0.5904,0.4206,4.6554,0min12sec
10210,-0.5899,0.4203,4.6548,0min11sec
10220,-0.5893,0.4199,4.6542,0min11sec
10230,-0.5888,0.4195,4.6536,0min11sec
10240,-0.5883,0.4191,4.6530,0min11sec
10250,-0.5877,0.4188,4.6523,0min12sec
10260,-0.5872,0.4184,4.6517,0min11sec
10270,-0.5866,0.4181,4.6511,0min11sec
10280,-0.5861,0.4177,4.6505,0min11sec
10290,-0.5856,0.4173,4.6499,0min11sec
10300,-0.5851,0.4170,4.6493,0min11sec
10310,-0.5845,0.4166,4.6487,0min11sec
10320,-0.5840,0.4162,4.6481,0min11sec
10330,-0.5835,0.4159,4.6475,0min11sec
10340,-0.5829,0.4155,4.6469,0min11sec
10350,-0.5824,0.4152,4.6463,0min12sec
10360,-0.5819,0.4148,4.6457,0min11sec
10370,-0.5814,0.4145,4.6451,0min11sec
10380,-0.5808,0.4141,4.6445,0min11sec
10390,-0.5803,0.4137,4.6439,0min11sec
10400,-0.5798,0.4134,4.6433,0min12sec
10410,-0.5793,0.4130,4.6427,0min11sec
10420,-0.5788,0.4127,4.6421,0min11sec
10430,-0.5783,0.4123,4.6415,0min11sec
10440,-0.5777,0.4120,4.6409,0min11sec
10450,-0.5772,0.4116,4.6403,0min11sec
10460,-0.5767,0.4113,4.6397,0min11sec
10470,-0.5762,0.4109,4.6391,0min11sec
10480,-0.5757,0.4106,4.6385,0min11sec
10490,-0.5752,0.4102,4.6379,0min11sec
10500,-0.5746,0.4099,4.6374,0min12sec
10510,-0.5741,0.4095,4.6368,0min11sec
10520,-0.5736,0.4092,4.6362,0min11sec
10530,-0.5731,0.4088,4.6356,0min11sec
10540,-0.5726,0.4085,4.6350,0min11sec
10550,-0.5721,0.4081,4.6345,0min12sec
10560,-0.5716,0.4078,4.6339,0min11sec
10570,-0.5711,0.4074,4.6333,0min11sec
10580,-0.5706,0.4071,4.6327,0min11sec
10590,-0.5701,0.4068,4.6321,0min12sec
10600,-0.5696,0.4064,4.6316,0min12sec
10610,-0.5691,0.4061,4.6310,0min11sec
10620,-0.5686,0.4057,4.6304,0min11sec
10630,-0.5681,0.4054,4.6298,0min11sec
10640,-0.5676,0.4050,4.6293,0min11sec
10650,-0.5671,0.4047,4.6287,0min11sec
10660,-0.5666,0.4044,4.6281,0min11sec
10670,-0.5661,0.4040,4.6276,0min11sec
10680,-0.5656,0.4037,4.6270,0min12sec
10690,-0.5651,0.4034,4.6264,0min11sec
10700,-0.5646,0.4030,4.6259,0min11sec
10710,-0.5641,0.4027,4.6253,0min11sec
10720,-0.5636,0.4023,4.6247,0min11sec
10730,-0.5631,0.4020,4.6242,0min11sec
10740,-0.5626,0.4017,4.6236,0min11sec
10750,-0.5621,0.4013,4.6231,0min12sec
10760,-0.5616,0.4010,4.6225,0min11sec
10770,-0.5612,0.4007,4.6219,0min11sec
10780,-0.5607,0.4003,4.6214,0min11sec
10790,-0.5602,0.4000,4.6208,0min11sec
10800,-0.5597,0.3997,4.6203,0min11sec
10810,-0.5592,0.3994,4.6197,0min11sec
10820,-0.5587,0.3990,4.6192,0min11sec
10830,-0.5583,0.3987,4.6186,0min11sec
10840,-0.5578,0.3984,4.6180,0min11sec
10850,-0.5573,0.3981,4.6175,0min11sec
10860,-0.5568,0.3977,4.6170,0min11sec
10870,-0.5563,0.3974,4.6164,0min11sec
10880,-0.5558,0.3971,4.6158,0min11sec
10890,-0.5554,0.3968,4.6153,0min11sec
10900,-0.5549,0.3964,4.6148,0min12sec
10910,-0.5544,0.3961,4.6142,0min11sec
10920,-0.5539,0.3958,4.6137,0min12sec
10930,-0.5535,0.3955,4.6131,0min11sec
10940,-0.5530,0.3951,4.6126,0min12sec
10950,-0.5525,0.3948,4.6120,0min12sec
10960,-0.5521,0.3945,4.6115,0min11sec
10970,-0.5516,0.3942,4.6110,0min11sec
10980,-0.5511,0.3939,4.6104,0min12sec
10990,-0.5506,0.3936,4.6099,0min11sec
11000,-0.5502,0.3932,4.6094,0min11sec
11010,-0.5497,0.3929,4.6089,0min12sec
11020,-0.5492,0.3926,4.6083,0min11sec
11030,-0.5488,0.3923,4.6078,0min11sec
11040,-0.5483,0.3920,4.6073,0min11sec
11050,-0.5478,0.3917,4.6068,0min11sec
11060,-0.5474,0.3914,4.6062,0min11sec
11070,-0.5469,0.3911,4.6057,0min11sec
11080,-0.5464,0.3907,4.6052,0min11sec
11090,-0.5460,0.3904,4.6047,0min11sec
11100,-0.5455,0.3901,4.6041,0min11sec
11110,-0.5451,0.3898,4.6036,0min11sec
11120,-0.5446,0.3895,4.6031,0min11sec
11130,-0.5441,0.3892,4.6026,0min11sec
11140,-0.5437,0.3889,4.6020,0min11sec
11150,-0.5432,0.3886,4.6015,0min11sec
11160,-0.5428,0.3882,4.6010,0min11sec
11170,-0.5423,0.3879,4.6005,0min11sec
11180,-0.5419,0.3876,4.6000,0min11sec
11190,-0.5414,0.3873,4.5995,0min11sec
11200,-0.5410,0.3870,4.5989,0min11sec
11210,-0.5405,0.3867,4.5984,0min11sec
11220,-0.5401,0.3864,4.5979,0min12sec
11230,-0.5396,0.3861,4.5974,0min11sec
11240,-0.5392,0.3858,4.5969,0min11sec
11250,-0.5387,0.3855,4.5964,0min12sec
11260,-0.5383,0.3852,4.5959,0min11sec
11270,-0.5378,0.3849,4.5953,0min11sec
11280,-0.5374,0.3846,4.5948,0min12sec
11290,-0.5370,0.3843,4.5943,0min11sec
11300,-0.5365,0.3840,4.5938,0min12sec
11310,-0.5361,0.3837,4.5933,0min12sec
11320,-0.5356,0.3834,4.5928,0min11sec
11330,-0.5352,0.3831,4.5923,0min12sec
11340,-0.5347,0.3828,4.5918,0min12sec
11350,-0.5343,0.3825,4.5913,0min12sec
11360,-0.5339,0.3822,4.5908,0min11sec
11370,-0.5334,0.3819,4.5902,0min11sec
11380,-0.5330,0.3816,4.5897,0min11sec
11390,-0.5326,0.3813,4.5892,0min11sec
11400,-0.5321,0.3810,4.5887,0min11sec
11410,-0.5317,0.3807,4.5882,0min11sec
11420,-0.5313,0.3804,4.5877,0min11sec
11430,-0.5308,0.3801,4.5872,0min12sec
11440,-0.5304,0.3798,4.5867,0min12sec
11450,-0.5300,0.3795,4.5862,0min11sec
11460,-0.5295,0.3792,4.5857,0min12sec
11470,-0.5291,0.3789,4.5852,0min12sec
11480,-0.5287,0.3786,4.5847,0min12sec
11490,-0.5282,0.3783,4.5842,0min12sec
11500,-0.5278,0.3780,4.5837,0min11sec
11510,-0.5274,0.3777,4.5832,0min11sec
11520,-0.5270,0.3774,4.5827,0min11sec
11530,-0.5265,0.3772,4.5822,0min12sec
11540,-0.5261,0.3769,4.5817,0min11sec
11550,-0.5257,0.3766,4.5813,0min12sec
11560,-0.5252,0.3763,4.5808,0min11sec
11570,-0.5248,0.3760,4.5803,0min11sec
11580,-0.5244,0.3757,4.5798,0min11sec
11590,-0.5240,0.3754,4.5793,0min11sec
11600,-0.5236,0.3751,4.5789,0min12sec
11610,-0.5231,0.3749,4.5784,0min11sec
11620,-0.5227,0.3746,4.5779,0min11sec
11630,-0.5223,0.3743,4.5774,0min11sec
11640,-0.5219,0.3740,4.5769,0min11sec
11650,-0.5215,0.3737,4.5764,0min11sec
11660,-0.5210,0.3734,4.5760,0min11sec
11670,-0.5206,0.3732,4.5755,0min12sec
11680,-0.5202,0.3729,4.5750,0min12sec
11690,-0.5198,0.3726,4.5746,0min11sec
11700,-0.5194,0.3723,4.5741,0min11sec
11710,-0.5190,0.3720,4.5737,0min11sec
11720,-0.5186,0.3718,4.5733,0min11sec
11730,-0.5181,0.3715,4.5728,0min11sec
11740,-0.5177,0.3712,4.5723,0min11sec
11750,-0.5173,0.3709,4.5719,0min11sec
11760,-0.5169,0.3706,4.5714,0min11sec
11770,-0.5165,0.3704,4.5709,0min12sec
11780,-0.5161,0.3701,4.5704,0min11sec
11790,-0.5157,0.3698,4.5700,0min11sec
11800,-0.5153,0.3695,4.5695,0min11sec
11810,-0.5149,0.3693,4.5691,0min11sec
11820,-0.5145,0.3690,4.5686,0min11sec
11830,-0.5141,0.3687,4.5681,0min11sec
11840,-0.5136,0.3684,4.5677,0min11sec
11850,-0.5132,0.3682,4.5672,0min12sec
11860,-0.5128,0.3679,4.5668,0min11sec
11870,-0.5124,0.3676,4.5663,0min12sec
11880,-0.5120,0.3673,4.5658,0min11sec
11890,-0.5116,0.3671,4.5654,0min11sec
11900,-0.5112,0.3668,4.5649,0min11sec
11910,-0.5108,0.3665,4.5645,0min11sec
11920,-0.5104,0.3662,4.5640,0min12sec
11930,-0.5100,0.3660,4.5635,0min12sec
11940,-0.5096,0.3657,4.5631,0min11sec
11950,-0.5092,0.3654,4.5626,0min11sec
11960,-0.5088,0.3652,4.5622,0min11sec
11970,-0.5084,0.3649,4.5617,0min11sec
11980,-0.5080,0.3646,4.5613,0min11sec
11990,-0.5076,0.3643,4.5608,0min11sec
12000,-0.5072,0.3641,4.5604,0min12sec
12010,-0.5068,0.3638,4.5599,0min11sec
12020,-0.5065,0.3635,4.5595,0min11sec
12030,-0.5061,0.3633,4.5590,0min11sec
12040,-0.5057,0.3630,4.5585,0min11sec
12050,-0.5053,0.3627,4.5581,0min11sec
12060,-0.5049,0.3625,4.5576,0min11sec
12070,-0.5045,0.3622,4.5572,0min11sec
12080,-0.5041,0.3619,4.5567,0min11sec
12090,-0.5037,0.3617,4.5563,0min12sec
12100,-0.5033,0.3614,4.5558,0min11sec
12110,-0.5029,0.3611,4.5554,0min11sec
12120,-0.5025,0.3609,4.5549,0min11sec
12130,-0.5022,0.3606,4.5545,0min12sec
12140,-0.5018,0.3603,4.5540,0min12sec
12150,-0.5014,0.3601,4.5536,0min11sec
12160,-0.5010,0.3598,4.5531,0min11sec
12170,-0.5006,0.3595,4.5527,0min11sec
12180,-0.5002,0.3593,4.5522,0min11sec
12190,-0.4998,0.3590,4.5518,0min11sec
12200,-0.4995,0.3588,4.5513,0min12sec
12210,-0.4991,0.3585,4.5509,0min11sec
12220,-0.4987,0.3582,4.5505,0min11sec
12230,-0.4983,0.3580,4.5500,0min11sec
12240,-0.4979,0.3577,4.5496,0min11sec
12250,-0.4976,0.3575,4.5492,0min12sec
12260,-0.4972,0.3572,4.5487,0min12sec
12270,-0.4968,0.3570,4.5483,0min11sec
12280,-0.4964,0.3567,4.5478,0min11sec
12290,-0.4961,0.3564,4.5474,0min11sec
12300,-0.4957,0.3562,4.5470,0min11sec
12310,-0.4953,0.3559,4.5465,0min12sec
12320,-0.4950,0.3557,4.5461,0min11sec
12330,-0.4946,0.3554,4.5457,0min11sec
12340,-0.4942,0.3552,4.5452,0min12sec
12350,-0.4938,0.3549,4.5448,0min11sec
12360,-0.4935,0.3546,4.5444,0min11sec
12370,-0.4931,0.3544,4.5440,0min11sec
12380,-0.4927,0.3541,4.5436,0min12sec
12390,-0.4923,0.3539,4.5431,0min11sec
12400,-0.4920,0.3536,4.5427,0min11sec
12410,-0.4916,0.3534,4.5423,0min11sec
12420,-0.4912,0.3531,4.5419,0min12sec
12430,-0.4909,0.3529,4.5415,0min11sec
12440,-0.4905,0.3526,4.5410,0min12sec
12450,-0.4901,0.3524,4.5406,0min11sec
12460,-0.4898,0.3521,4.5402,0min11sec
12470,-0.4894,0.3519,4.5398,0min11sec
12480,-0.4890,0.3516,4.5394,0min11sec
12490,-0.4887,0.3514,4.5389,0min11sec
12500,-0.4883,0.3511,4.5385,0min12sec
12510,-0.4879,0.3509,4.5381,0min12sec
12520,-0.4876,0.3506,4.5377,0min11sec
12530,-0.4872,0.3504,4.5373,0min11sec
12540,-0.4868,0.3501,4.5369,0min11sec
12550,-0.4865,0.3499,4.5364,0min11sec
12560,-0.4861,0.3497,4.5360,0min11sec
12570,-0.4858,0.3494,4.5356,0min11sec
12580,-0.4854,0.3492,4.5352,0min12sec
12590,-0.4850,0.3489,4.5348,0min11sec
12600,-0.4847,0.3487,4.5344,0min11sec
12610,-0.4843,0.3484,4.5339,0min12sec
12620,-0.4840,0.3482,4.5335,0min12sec
12630,-0.4836,0.3479,4.5331,0min11sec
12640,-0.4833,0.3477,4.5327,0min11sec
12650,-0.4829,0.3475,4.5323,0min11sec
12660,-0.4826,0.3472,4.5319,0min11sec
12670,-0.4822,0.3470,4.5315,0min11sec
12680,-0.4819,0.3467,4.5311,0min11sec
12690,-0.4815,0.3465,4.5307,0min11sec
12700,-0.4812,0.3462,4.5302,0min11sec
12710,-0.4808,0.3460,4.5298,0min11sec
12720,-0.4805,0.3458,4.5294,0min11sec
12730,-0.4801,0.3455,4.5290,0min11sec
12740,-0.4798,0.3453,4.5286,0min11sec
12750,-0.4794,0.3450,4.5282,0min11sec
12760,-0.4791,0.3448,4.5278,0min12sec
12770,-0.4787,0.3446,4.5274,0min11sec
12780,-0.4784,0.3443,4.5270,0min11sec
12790,-0.4780,0.3441,4.5266,0min11sec
12800,-0.4777,0.3438,4.5262,0min11sec
12810,-0.4773,0.3436,4.5258,0min11sec
12820,-0.4770,0.3434,4.5254,0min11sec
12830,-0.4766,0.3431,4.5250,0min11sec
12840,-0.4763,0.3429,4.5246,0min11sec
12850,-0.4759,0.3427,4.5242,0min11sec
12860,-0.4756,0.3424,4.5238,0min11sec
12870,-0.4752,0.3422,4.5234,0min11sec
12880,-0.4749,0.3420,4.5230,0min11sec
12890,-0.4746,0.3417,4.5226,0min11sec
12900,-0.4742,0.3415,4.5222,0min11sec
12910,-0.4739,0.3413,4.5218,0min12sec
12920,-0.4735,0.3410,4.5214,0min11sec
12930,-0.4732,0.3408,4.5211,0min11sec
12940,-0.4729,0.3406,4.5207,0min11sec
12950,-0.4725,0.3403,4.5203,0min11sec
12960,-0.4722,0.3401,4.5199,0min11sec
12970,-0.4718,0.3399,4.5195,0min11sec
12980,-0.4715,0.3396,4.5191,0min11sec
12990,-0.4712,0.3394,4.5187,0min11sec
